{
  "feature_names": [
    "성별",
    "나이",
    "에너지",
    "단백질",
    "지방",
    "탄수화물",
    "당",
    "나트륨",
    "칼슘",
    "비타민C"
  ],
  "mean": [
    0.4355769230769231,
    69.54182692307693,
    1673.9371228612981,
    62.2990460959226,
    38.021859404992306,
    261.1271345326539,
    54.242784348857214,
    3.051125591740899,
    0.5105005363223456,
    0.06800294564221106
  ],
  "scale": [
    0.49583229741492574,
    6.319854286359268,
    691.4665001878216,
    31.111837031870927,
    26.607925998879267,
    105.40559328751797,
    40.1707738307609,
    1.8721343573777267,
    0.32767678756955615,
    0.06796392509247734
  ],
  "var": [
    0.24584966715976336,
    39.94055820081361,
    478125.9208819947,
    967.9464034976951,
    707.9817259618353,
    11110.339096293656,
    1613.6910701621446,
    3.5048870520741136,
    0.10737207711190404,
    0.0046190951139758706
  ],
  "n_features_in_": 10
}